{"cameraMode":{"drawMode":0,"name":"Shaded","section":"Shading Mode"},"sceneLighting":true,"audioPlay":false,"sceneViewState":{"showFog":true,"showMaterialUpdate":false,"showSkybox":true,"showFlares":true,"showImageEffects":true,"showParticleSystems":true},"in2DMode":false,"pivot":{"x":604.9000244140625,"y":599.7839965820313,"z":0.0},"rotation":{"x":0.05664556846022606,"y":0.02760496735572815,"z":-0.001698475913144648,"w":0.9980737566947937},"size":464.91943359375,"orthographic":true}