{"cameraMode":{"drawMode":0,"name":"Shaded","section":"Shading Mode"},"sceneLighting":false,"audioPlay":false,"sceneViewState":{"showFog":true,"showMaterialUpdate":false,"showSkybox":false,"showFlares":true,"showImageEffects":true,"showParticleSystems":true},"in2DMode":false,"pivot":{"x":-9.5367431640625e-7,"y":1.6500000953674317,"z":0.0},"rotation":{"x":0.0018623158102855087,"y":0.9959409832954407,"z":0.02120732143521309,"w":-0.08746740967035294},"size":2.4029641151428224,"orthographic":false}